{"cameraMode":{"drawMode":0,"name":"Shaded","section":"Shading Mode"},"sceneLighting":false,"audioPlay":false,"sceneViewState":{"showFog":true,"showMaterialUpdate":false,"showSkybox":false,"showFlares":true,"showImageEffects":true,"showParticleSystems":true},"in2DMode":false,"pivot":{"x":241.76953125,"y":203.46542358398438,"z":-0.0738823413848877},"rotation":{"x":0.20612013339996339,"y":0.00496923690661788,"z":-0.0010526899714022875,"w":0.9785197377204895},"size":6.903168201446533,"orthographic":false}