{"cameraMode":{"drawMode":0,"name":"Shaded","section":"Shading Mode"},"sceneLighting":false,"audioPlay":false,"sceneViewState":{"showFog":true,"showMaterialUpdate":false,"showSkybox":false,"showFlares":true,"showImageEffects":true,"showParticleSystems":true},"in2DMode":false,"pivot":{"x":375.47332763671877,"y":207.6331787109375,"z":0.6465812921524048},"rotation":{"x":0.22215653955936433,"y":0.30096355080604555,"z":-0.07231783121824265,"w":0.9245806336402893},"size":6.240489482879639,"orthographic":false}