{"cameraMode":{"drawMode":0,"name":"Shaded","section":"Shading Mode"},"sceneLighting":false,"audioPlay":false,"sceneViewState":{"showFog":true,"showMaterialUpdate":false,"showSkybox":false,"showFlares":true,"showImageEffects":true,"showParticleSystems":true},"in2DMode":false,"pivot":{"x":397.3267517089844,"y":181.29928588867188,"z":4.706499099731445},"rotation":{"x":0.009340712800621987,"y":0.6511794328689575,"z":-0.008015638217329979,"w":0.7588322162628174},"size":31.351043701171876,"orthographic":false}