{"cameraMode":{"drawMode":0,"name":"Shaded","section":"Shading Mode"},"sceneLighting":false,"audioPlay":false,"sceneViewState":{"showFog":true,"showMaterialUpdate":false,"showSkybox":false,"showFlares":true,"showImageEffects":true,"showParticleSystems":true},"in2DMode":false,"pivot":{"x":-3.154425859451294,"y":2.0449585914611818,"z":2.7904701232910158},"rotation":{"x":-0.08769535273313523,"y":-0.9091007709503174,"z":0.24516315758228303,"w":-0.3251926898956299},"size":1.9494357109069825,"orthographic":false}