{"cameraMode":{"drawMode":0,"name":"Shaded","section":"Shading Mode"},"sceneLighting":false,"audioPlay":false,"sceneViewState":{"showFog":true,"showMaterialUpdate":false,"showSkybox":false,"showFlares":true,"showImageEffects":true,"showParticleSystems":true},"in2DMode":false,"pivot":{"x":1.1920928955078126e-7,"y":0.06649908423423767,"z":-0.0738823413848877},"rotation":{"x":0.08719988912343979,"y":-0.32578858733177187,"z":0.030191782861948015,"w":0.940933346748352},"size":5.191133975982666,"orthographic":false}