{"cameraMode":{"drawMode":0,"name":"Shaded","section":"Shading Mode"},"sceneLighting":false,"audioPlay":false,"sceneViewState":{"showFog":true,"showMaterialUpdate":false,"showSkybox":false,"showFlares":true,"showImageEffects":true,"showParticleSystems":true},"in2DMode":false,"pivot":{"x":495.69024658203127,"y":159.23324584960938,"z":236.86489868164063},"rotation":{"x":0.06712725758552551,"y":-0.09650859236717224,"z":-0.006492506247013807,"w":-0.9930601119995117},"size":769.7706909179688,"orthographic":false}