{"cameraMode":{"drawMode":0,"name":"Shaded","section":"Shading Mode"},"sceneLighting":true,"audioPlay":false,"sceneViewState":{"showFog":true,"showMaterialUpdate":false,"showSkybox":true,"showFlares":true,"showImageEffects":true,"showParticleSystems":true},"in2DMode":false,"pivot":{"x":0.38443422317504885,"y":1.1241271495819092,"z":-1.3662502765655518},"rotation":{"x":-0.002853057347238064,"y":0.8919129371643066,"z":-0.005627814214676619,"w":-0.4521631598472595},"size":7.555436134338379,"orthographic":false}