{"cameraMode":{"drawMode":0,"name":"Shaded","section":"Shading Mode"},"sceneLighting":true,"audioPlay":false,"sceneViewState":{"showFog":true,"showMaterialUpdate":false,"showSkybox":true,"showFlares":true,"showImageEffects":true,"showParticleSystems":true},"in2DMode":false,"pivot":{"x":-14.826164245605469,"y":-1.0769257545471192,"z":-17.891796112060548},"rotation":{"x":-0.03164343535900116,"y":-0.909035325050354,"z":0.07023417204618454,"w":-0.4095476269721985},"size":3.5127644538879396,"orthographic":false}