{"cameraMode":{"drawMode":0,"name":"Shaded","section":"Shading Mode"},"sceneLighting":true,"audioPlay":false,"sceneViewState":{"showFog":true,"showMaterialUpdate":false,"showSkybox":true,"showFlares":true,"showImageEffects":true,"showParticleSystems":true},"in2DMode":false,"pivot":{"x":1.1088273525238038,"y":-3.097766637802124,"z":-8.61117935180664},"rotation":{"x":-0.13297170400619508,"y":0.08049482852220535,"z":-0.010825940407812596,"w":-0.98779296875},"size":2.0143439769744875,"orthographic":false}