{"cameraMode":{"drawMode":0,"name":"Shaded","section":"Shading Mode"},"sceneLighting":true,"audioPlay":false,"sceneViewState":{"showFog":true,"showMaterialUpdate":false,"showSkybox":true,"showFlares":true,"showImageEffects":true,"showParticleSystems":true},"in2DMode":false,"pivot":{"x":-5.9603424072265629,"y":-4.257006645202637,"z":-24.677581787109376},"rotation":{"x":0.06562704592943192,"y":-0.7067688703536987,"z":0.06614064425230026,"w":0.701288104057312},"size":8.647046089172364,"orthographic":false}